country,coffee_type,year_raw,value,year
Angola,Robusta/Arabica,1990/91,1200000,1990
Bolivia (Plurinational State of),Arabica,1990/91,1500000,1990
Brazil,Arabica/Robusta,1990/91,492000000,1990
Burundi,Arabica/Robusta,1990/91,120000,1990
Ecuador,Arabica/Robusta,1990/91,21000000,1990
Indonesia,Robusta/Arabica,1990/91,74520000,1990
Madagascar,Robusta,1990/91,21000000,1990
Malawi,Arabica,1990/91,120000,1990
Papua New Guinea,Arabica/Robusta,1990/91,180000,1990
Paraguay,Arabica,1990/91,900000,1990
Peru,Arabica,1990/91,11400000,1990
Rwanda,Arabica,1990/91,60000,1990
Timor-Leste,Arabica,1990/91,0,1990
Zimbabwe,Arabica,1990/91,480000,1990
Congo,Robusta,1990/91,180000,1990
Cuba,Arabica,1990/91,12780000,1990
Dominican Republic,Arabica/Robusta,1990/91,19200000,1990
Haiti,Arabica,1990/91,13200000,1990
Philippines,Robusta/Arabica,1990/91,43200000,1990
Tanzania,Arabica/Robusta,1990/91,240000,1990
Zambia,Arabica,1990/91,90000,1990
Cameroon,Robusta/Arabica,1990/91,4998000,1990
Central African Republic,Robusta,1990/91,1680000,1990
Colombia,Arabica,1990/91,74100000,1990
Costa Rica,Arabica,1990/91,22500000,1990
Côte d'Ivoire,Robusta,1990/91,3000000,1990
Democratic Republic of Congo,Robusta/Arabica,1990/91,12000000,1990
El Salvador,Arabica,1990/91,10800000,1990
Equatorial Guinea,Robusta,1990/91,0,1990
Ethiopia,Arabica,1990/91,72000000,1990
Gabon,Robusta,1990/91,102000,1990
Ghana,Robusta,1990/91,1020000,1990
Guatemala,Arabica/Robusta,1990/91,18000000,1990
Guinea,Robusta,1990/91,1500000,1990
Guyana,Robusta,1990/91,0,1990
Honduras,Arabica,1990/91,11289240,1990
India,Robusta/Arabica,1990/91,54180000,1990
Jamaica,Arabica,1990/91,420000,1990
Kenya,Arabica,1990/91,3000000,1990
Lao People's Democratic Republic,Robusta,1990/91,0,1990
Liberia,Robusta,1990/91,180000,1990
Mexico,Arabica/Robusta,1990/91,82440000,1990
Nepal,Arabica,1990/91,0,1990
Nicaragua,Arabica,1990/91,2040000,1990
Nigeria,Robusta,1990/91,1650000,1990
Panama,Arabica,1990/91,3780000,1990
Sierra Leone,Robusta,1990/91,540000,1990
Sri Lanka,Robusta/Arabica,1990/91,4000020,1990
Thailand,Robusta/Arabica,1990/91,11280000,1990
Togo,Robusta,1990/91,60000,1990
Trinidad & Tobago,Robusta,1990/91,480000,1990
Uganda,Robusta/Arabica,1990/91,4200000,1990
Venezuela,Arabica,1990/91,46943400,1990
Viet Nam,Robusta/Arabica,1990/91,9000000,1990
Yemen,Arabica,1990/91,0,1990
Angola,Robusta/Arabica,1991/92,1800000,1991
Bolivia (Plurinational State of),Arabica,1991/92,1620000,1991
Brazil,Arabica/Robusta,1991/92,510000000,1991
Burundi,Arabica/Robusta,1991/92,96000,1991
Ecuador,Arabica/Robusta,1991/92,21000000,1991
Indonesia,Robusta/Arabica,1991/92,76800000,1991
Madagascar,Robusta,1991/92,18000000,1991
Malawi,Arabica,1991/92,120000,1991
Papua New Guinea,Arabica/Robusta,1991/92,180000,1991
Paraguay,Arabica,1991/92,900000,1991
Peru,Arabica,1991/92,11400000,1991
Rwanda,Arabica,1991/92,60000,1991
Timor-Leste,Arabica,1991/92,0,1991
Zimbabwe,Arabica,1991/92,480000,1991
Congo,Robusta,1991/92,160020,1991
Cuba,Arabica,1991/92,12780000,1991
Dominican Republic,Arabica/Robusta,1991/92,19200000,1991
Haiti,Arabica,1991/92,19800000,1991
Philippines,Robusta/Arabica,1991/92,45000000,1991
Tanzania,Arabica/Robusta,1991/92,210000,1991
Zambia,Arabica,1991/92,90000,1991
Cameroon,Robusta/Arabica,1991/92,4999980,1991
Central African Republic,Robusta,1991/92,1680000,1991
Colombia,Arabica,1991/92,76140000,1991
Costa Rica,Arabica,1991/92,22500000,1991
Côte d'Ivoire,Robusta,1991/92,3000000,1991
Democratic Republic of Congo,Robusta/Arabica,1991/92,12000000,1991
El Salvador,Arabica,1991/92,10800000,1991
Equatorial Guinea,Robusta,1991/92,0,1991
Ethiopia,Arabica,1991/92,75840000,1991
Gabon,Robusta,1991/92,60000,1991
Ghana,Robusta,1991/92,1020000,1991
Guatemala,Arabica/Robusta,1991/92,18000000,1991
Guinea,Robusta,1991/92,1500000,1991
Guyana,Robusta,1991/92,0,1991
Honduras,Arabica,1991/92,15426000,1991
India,Robusta/Arabica,1991/92,55000020,1991
Jamaica,Arabica,1991/92,660000,1991
Kenya,Arabica,1991/92,3000000,1991
Lao People's Democratic Republic,Robusta,1991/92,0,1991
Liberia,Robusta,1991/92,180000,1991
Mexico,Arabica/Robusta,1991/92,72000000,1991
Nepal,Arabica,1991/92,0,1991
Nicaragua,Arabica,1991/92,8280000,1991
Nigeria,Robusta,1991/92,2145000,1991
Panama,Arabica,1991/92,4020000,1991
Sierra Leone,Robusta,1991/92,540000,1991
Sri Lanka,Robusta/Arabica,1991/92,4020000,1991
Thailand,Robusta/Arabica,1991/92,13200000,1991
Togo,Robusta,1991/92,60000,1991
Trinidad & Tobago,Robusta,1991/92,690000,1991
Uganda,Robusta/Arabica,1991/92,4500000,1991
Venezuela,Arabica,1991/92,48928800,1991
Viet Nam,Robusta/Arabica,1991/92,13800000,1991
Yemen,Arabica,1991/92,0,1991
Angola,Robusta/Arabica,1992/93,2100000,1992
Bolivia (Plurinational State of),Arabica,1992/93,1650000,1992
Brazil,Arabica/Robusta,1992/93,534000000,1992
Burundi,Arabica/Robusta,1992/93,102000,1992
Ecuador,Arabica/Robusta,1992/93,21000000,1992
Indonesia,Robusta/Arabica,1992/93,79140000,1992
Madagascar,Robusta,1992/93,21000000,1992
Malawi,Arabica,1992/93,120000,1992
Papua New Guinea,Arabica/Robusta,1992/93,180000,1992
Paraguay,Arabica,1992/93,900000,1992
Peru,Arabica,1992/93,12000000,1992
Rwanda,Arabica,1992/93,60000,1992
Timor-Leste,Arabica,1992/93,0,1992
Zimbabwe,Arabica,1992/93,480000,1992
Congo,Robusta,1992/93,160020,1992
Cuba,Arabica,1992/93,11700000,1992
Dominican Republic,Arabica/Robusta,1992/93,19200000,1992
Haiti,Arabica,1992/93,19800000,1992
Philippines,Robusta/Arabica,1992/93,45000000,1992
Tanzania,Arabica/Robusta,1992/93,1152000,1992
Zambia,Arabica,1992/93,85920,1992
Cameroon,Robusta/Arabica,1992/93,4999980,1992
Central African Republic,Robusta,1992/93,1680000,1992
Colombia,Arabica,1992/93,78180000,1992
Costa Rica,Arabica,1992/93,22500000,1992
Côte d'Ivoire,Robusta,1992/93,3000000,1992
Democratic Republic of Congo,Robusta/Arabica,1992/93,12000000,1992
El Salvador,Arabica,1992/93,13800000,1992
Equatorial Guinea,Robusta,1992/93,0,1992
Ethiopia,Arabica,1992/93,79860000,1992
Gabon,Robusta,1992/93,48000,1992
Ghana,Robusta,1992/93,1020000,1992
Guatemala,Arabica/Robusta,1992/93,18000000,1992
Guinea,Robusta,1992/93,3750000,1992
Guyana,Robusta,1992/93,0,1992
Honduras,Arabica,1992/93,14400000,1992
India,Robusta/Arabica,1992/93,55020000,1992
Jamaica,Arabica,1992/93,360000,1992
Kenya,Arabica,1992/93,3000000,1992
Lao People's Democratic Republic,Robusta,1992/93,0,1992
Liberia,Robusta,1992/93,180000,1992
Mexico,Arabica/Robusta,1992/93,78000000,1992
Nepal,Arabica,1992/93,0,1992
Nicaragua,Arabica,1992/93,3936000,1992
Nigeria,Robusta,1992/93,2145000,1992
Panama,Arabica,1992/93,4020000,1992
Sierra Leone,Robusta,1992/93,540000,1992
Sri Lanka,Robusta/Arabica,1992/93,1680000,1992
Thailand,Robusta/Arabica,1992/93,13980000,1992
Togo,Robusta,1992/93,60000,1992
Trinidad & Tobago,Robusta,1992/93,600000,1992
Uganda,Robusta/Arabica,1992/93,4500000,1992
Venezuela,Arabica,1992/93,50998200,1992
Viet Nam,Robusta/Arabica,1992/93,15000000,1992
Yemen,Arabica,1992/93,0,1992
Angola,Robusta/Arabica,1993/94,1200000,1993
Bolivia (Plurinational State of),Arabica,1993/94,1710000,1993
Brazil,Arabica/Robusta,1993/94,546000000,1993
Burundi,Arabica/Robusta,1993/94,114600,1993
Ecuador,Arabica/Robusta,1993/94,21000000,1993
Indonesia,Robusta/Arabica,1993/94,81540000,1993
Madagascar,Robusta,1993/94,21600000,1993
Malawi,Arabica,1993/94,120000,1993
Papua New Guinea,Arabica/Robusta,1993/94,120000,1993
Paraguay,Arabica,1993/94,1200000,1993
Peru,Arabica,1993/94,12000000,1993
Rwanda,Arabica,1993/94,60000,1993
Timor-Leste,Arabica,1993/94,0,1993
Zimbabwe,Arabica,1993/94,499980,1993
Congo,Robusta,1993/94,180000,1993
Cuba,Arabica,1993/94,11646000,1993
Dominican Republic,Arabica/Robusta,1993/94,19200000,1993
Haiti,Arabica,1993/94,19800000,1993
Philippines,Robusta/Arabica,1993/94,46200000,1993
Tanzania,Arabica/Robusta,1993/94,1050000,1993
Zambia,Arabica,1993/94,60000,1993
Cameroon,Robusta/Arabica,1993/94,6000000,1993
Central African Republic,Robusta,1993/94,1500000,1993
Colombia,Arabica,1993/94,80340000,1993
Costa Rica,Arabica,1993/94,22500000,1993
Côte d'Ivoire,Robusta,1993/94,3000000,1993
Democratic Republic of Congo,Robusta/Arabica,1993/94,12000000,1993
El Salvador,Arabica,1993/94,13800000,1993
Equatorial Guinea,Robusta,1993/94,0,1993
Ethiopia,Arabica,1993/94,84120000,1993
Gabon,Robusta,1993/94,48000,1993
Ghana,Robusta,1993/94,1020000,1993
Guatemala,Arabica/Robusta,1993/94,18600000,1993
Guinea,Robusta,1993/94,1980000,1993
Guyana,Robusta,1993/94,0,1993
Honduras,Arabica,1993/94,13800000,1993
India,Robusta/Arabica,1993/94,49999980,1993
Jamaica,Arabica,1993/94,576000,1993
Kenya,Arabica,1993/94,3000000,1993
Lao People's Democratic Republic,Robusta,1993/94,0,1993
Liberia,Robusta,1993/94,300000,1993
Mexico,Arabica/Robusta,1993/94,64200000,1993
Nepal,Arabica,1993/94,0,1993
Nicaragua,Arabica,1993/94,6534000,1993
Nigeria,Robusta,1993/94,2400000,1993
Panama,Arabica,1993/94,4020000,1993
Sierra Leone,Robusta,1993/94,300000,1993
Sri Lanka,Robusta/Arabica,1993/94,1200000,1993
Thailand,Robusta/Arabica,1993/94,15000000,1993
Togo,Robusta,1993/94,60000,1993
Trinidad & Tobago,Robusta,1993/94,600000,1993
Uganda,Robusta/Arabica,1993/94,4500000,1993
Venezuela,Arabica,1993/94,53155800,1993
Viet Nam,Robusta/Arabica,1993/94,16020000,1993
Yemen,Arabica,1993/94,0,1993
Angola,Robusta/Arabica,1994/95,1500000,1994
Bolivia (Plurinational State of),Arabica,1994/95,1770000,1994
Brazil,Arabica/Robusta,1994/95,558000000,1994
Burundi,Arabica/Robusta,1994/95,120000,1994
Ecuador,Arabica/Robusta,1994/95,21000000,1994
Indonesia,Robusta/Arabica,1994/95,84000000,1994
Madagascar,Robusta,1994/95,9999960,1994
Malawi,Arabica,1994/95,120000,1994
Papua New Guinea,Arabica/Robusta,1994/95,120000,1994
Paraguay,Arabica,1994/95,1200000,1994
Peru,Arabica,1994/95,12000000,1994
Rwanda,Arabica,1994/95,60000,1994
Timor-Leste,Arabica,1994/95,0,1994
Zimbabwe,Arabica,1994/95,499980,1994
Congo,Robusta,1994/95,180000,1994
Cuba,Arabica,1994/95,11640000,1994
Dominican Republic,Arabica/Robusta,1994/95,19800000,1994
Haiti,Arabica,1994/95,19800000,1994
Philippines,Robusta/Arabica,1994/95,47400000,1994
Tanzania,Arabica/Robusta,1994/95,1050000,1994
Zambia,Arabica,1994/95,90000,1994
Cameroon,Robusta/Arabica,1994/95,6000000,1994
Central African Republic,Robusta,1994/95,900000,1994
Colombia,Arabica,1994/95,82500000,1994
Costa Rica,Arabica,1994/95,22500000,1994
Côte d'Ivoire,Robusta,1994/95,3000000,1994
Democratic Republic of Congo,Robusta/Arabica,1994/95,12000000,1994
El Salvador,Arabica,1994/95,13800000,1994
Equatorial Guinea,Robusta,1994/95,0,1994
Ethiopia,Arabica,1994/95,88560000,1994
Gabon,Robusta,1994/95,60000,1994
Ghana,Robusta,1994/95,1680000,1994
Guatemala,Arabica/Robusta,1994/95,18600000,1994
Guinea,Robusta,1994/95,3000000,1994
Guyana,Robusta,1994/95,0,1994
Honduras,Arabica,1994/95,15180000,1994
India,Robusta/Arabica,1994/95,50100000,1994
Jamaica,Arabica,1994/95,900000,1994
Kenya,Arabica,1994/95,3000000,1994
Lao People's Democratic Republic,Robusta,1994/95,0,1994
Liberia,Robusta,1994/95,300000,1994
Mexico,Arabica/Robusta,1994/95,61200000,1994
Nepal,Arabica,1994/95,0,1994
Nicaragua,Arabica,1994/95,5376000,1994
Nigeria,Robusta,1994/95,2400000,1994
Panama,Arabica,1994/95,4600020,1994
Sierra Leone,Robusta,1994/95,300000,1994
Sri Lanka,Robusta/Arabica,1994/95,1200000,1994
Thailand,Robusta/Arabica,1994/95,16980000,1994
Togo,Robusta,1994/95,60000,1994
Trinidad & Tobago,Robusta,1994/95,840000,1994
Uganda,Robusta/Arabica,1994/95,4800000,1994
Venezuela,Arabica,1994/95,55404000,1994
Viet Nam,Robusta/Arabica,1994/95,16020000,1994
Yemen,Arabica,1994/95,0,1994
Angola,Robusta/Arabica,1995/96,600000,1995
Bolivia (Plurinational State of),Arabica,1995/96,1830000,1995
Brazil,Arabica/Robusta,1995/96,606000000,1995
Burundi,Arabica/Robusta,1995/96,120000,1995
Ecuador,Arabica/Robusta,1995/96,21000000,1995
Indonesia,Robusta/Arabica,1995/96,86580000,1995
Madagascar,Robusta,1995/96,10020000,1995
Malawi,Arabica,1995/96,120000,1995
Papua New Guinea,Arabica/Robusta,1995/96,120000,1995
Paraguay,Arabica,1995/96,1200000,1995
Peru,Arabica,1995/96,12000000,1995
Rwanda,Arabica,1995/96,60000,1995
Timor-Leste,Arabica,1995/96,0,1995
Zimbabwe,Arabica,1995/96,396000,1995
Congo,Robusta,1995/96,180000,1995
Cuba,Arabica,1995/96,11640000,1995
Dominican Republic,Arabica/Robusta,1995/96,21000000,1995
Haiti,Arabica,1995/96,19800000,1995
Philippines,Robusta/Arabica,1995/96,48600000,1995
Tanzania,Arabica/Robusta,1995/96,816000,1995
Zambia,Arabica,1995/96,36000,1995
Cameroon,Robusta/Arabica,1995/96,6000000,1995
Central African Republic,Robusta,1995/96,600000,1995
Colombia,Arabica,1995/96,81540000,1995
Costa Rica,Arabica,1995/96,22500000,1995
Côte d'Ivoire,Robusta,1995/96,3000000,1995
Democratic Republic of Congo,Robusta/Arabica,1995/96,12000000,1995
El Salvador,Arabica,1995/96,16200000,1995
Equatorial Guinea,Robusta,1995/96,0,1995
Ethiopia,Arabica,1995/96,93300000,1995
Gabon,Robusta,1995/96,48000,1995
Ghana,Robusta,1995/96,1680000,1995
Guatemala,Arabica/Robusta,1995/96,18600000,1995
Guinea,Robusta,1995/96,3000000,1995
Guyana,Robusta,1995/96,0,1995
Honduras,Arabica,1995/96,9660000,1995
India,Robusta/Arabica,1995/96,50220000,1995
Jamaica,Arabica,1995/96,900000,1995
Kenya,Arabica,1995/96,3000000,1995
Lao People's Democratic Republic,Robusta,1995/96,0,1995
Liberia,Robusta,1995/96,300000,1995
Mexico,Arabica/Robusta,1995/96,70740000,1995
Nepal,Arabica,1995/96,0,1995
Nicaragua,Arabica,1995/96,6690000,1995
Nigeria,Robusta,1995/96,2400000,1995
Panama,Arabica,1995/96,4600020,1995
Sierra Leone,Robusta,1995/96,480000,1995
Sri Lanka,Robusta/Arabica,1995/96,1200000,1995
Thailand,Robusta/Arabica,1995/96,25020000,1995
Togo,Robusta,1995/96,60000,1995
Trinidad & Tobago,Robusta,1995/96,840000,1995
Uganda,Robusta/Arabica,1995/96,4800000,1995
Venezuela,Arabica,1995/96,57747600,1995
Viet Nam,Robusta/Arabica,1995/96,16910700,1995
Yemen,Arabica,1995/96,0,1995
Angola,Robusta/Arabica,1996/97,1200000,1996
Bolivia (Plurinational State of),Arabica,1996/97,1890000,1996
Brazil,Arabica/Robusta,1996/97,660000000,1996
Burundi,Arabica/Robusta,1996/97,120000,1996
Ecuador,Arabica/Robusta,1996/97,18000000,1996
Indonesia,Robusta/Arabica,1996/97,89160000,1996
Madagascar,Robusta,1996/97,10020000,1996
Malawi,Arabica,1996/97,120000,1996
Papua New Guinea,Arabica/Robusta,1996/97,120000,1996
Paraguay,Arabica,1996/97,1200000,1996
Peru,Arabica,1996/97,12000000,1996
Rwanda,Arabica,1996/97,60000,1996
Timor-Leste,Arabica,1996/97,0,1996
Zimbabwe,Arabica,1996/97,240000,1996
Congo,Robusta,1996/97,180000,1996
Cuba,Arabica,1996/97,11340000,1996
Dominican Republic,Arabica/Robusta,1996/97,19500000,1996
Haiti,Arabica,1996/97,19800000,1996
Philippines,Robusta/Arabica,1996/97,49860000,1996
Tanzania,Arabica/Robusta,1996/97,996000,1996
Zambia,Arabica,1996/97,60000,1996
Cameroon,Robusta/Arabica,1996/97,6000000,1996
Central African Republic,Robusta,1996/97,600000,1996
Colombia,Arabica,1996/97,80580000,1996
Costa Rica,Arabica,1996/97,22500000,1996
Côte d'Ivoire,Robusta,1996/97,3000000,1996
Democratic Republic of Congo,Robusta/Arabica,1996/97,12000000,1996
El Salvador,Arabica,1996/97,13800000,1996
Equatorial Guinea,Robusta,1996/97,0,1996
Ethiopia,Arabica,1996/97,98220000,1996
Gabon,Robusta,1996/97,49980,1996
Ghana,Robusta,1996/97,180000,1996
Guatemala,Arabica/Robusta,1996/97,18000000,1996
Guinea,Robusta,1996/97,3000000,1996
Guyana,Robusta,1996/97,0,1996
Honduras,Arabica,1996/97,10075440,1996
India,Robusta/Arabica,1996/97,50280000,1996
Jamaica,Arabica,1996/97,1080000,1996
Kenya,Arabica,1996/97,3000000,1996
Lao People's Democratic Republic,Robusta,1996/97,0,1996
Liberia,Robusta,1996/97,300000,1996
Mexico,Arabica/Robusta,1996/97,74100000,1996
Nepal,Arabica,1996/97,0,1996
Nicaragua,Arabica,1996/97,5722200,1996
Nigeria,Robusta,1996/97,2400000,1996
Panama,Arabica,1996/97,4600020,1996
Sierra Leone,Robusta,1996/97,480000,1996
Sri Lanka,Robusta/Arabica,1996/97,1200000,1996
Thailand,Robusta/Arabica,1996/97,19980000,1996
Togo,Robusta,1996/97,60000,1996
Trinidad & Tobago,Robusta,1996/97,840000,1996
Uganda,Robusta/Arabica,1996/97,4800000,1996
Venezuela,Arabica,1996/97,60190800,1996
Viet Nam,Robusta/Arabica,1996/97,17850960,1996
Yemen,Arabica,1996/97,0,1996
Angola,Robusta/Arabica,1997/98,2400000,1997
Bolivia (Plurinational State of),Arabica,1997/98,1950000,1997
Brazil,Arabica/Robusta,1997/98,690000000,1997
Burundi,Arabica/Robusta,1997/98,120000,1997
Ecuador,Arabica/Robusta,1997/98,18000000,1997
Indonesia,Robusta/Arabica,1997/98,91920000,1997
Madagascar,Robusta,1997/98,10020000,1997
Malawi,Arabica,1997/98,120000,1997
Papua New Guinea,Arabica/Robusta,1997/98,120000,1997
Paraguay,Arabica,1997/98,1200000,1997
Peru,Arabica,1997/98,12000000,1997
Rwanda,Arabica,1997/98,180000,1997
Timor-Leste,Arabica,1997/98,0,1997
Zimbabwe,Arabica,1997/98,240000,1997
Congo,Robusta,1997/98,180000,1997
Cuba,Arabica,1997/98,11700000,1997
Dominican Republic,Arabica/Robusta,1997/98,19500000,1997
Haiti,Arabica,1997/98,19800000,1997
Philippines,Robusta/Arabica,1997/98,51180000,1997
Tanzania,Arabica/Robusta,1997/98,1020000,1997
Zambia,Arabica,1997/98,36000,1997
Cameroon,Robusta/Arabica,1997/98,6000000,1997
Central African Republic,Robusta,1997/98,600000,1997
Colombia,Arabica,1997/98,79680000,1997
Costa Rica,Arabica,1997/98,22500000,1997
Côte d'Ivoire,Robusta,1997/98,3000000,1997
Democratic Republic of Congo,Robusta/Arabica,1997/98,12000000,1997
El Salvador,Arabica,1997/98,11500020,1997
Equatorial Guinea,Robusta,1997/98,0,1997
Ethiopia,Arabica,1997/98,103440000,1997
Gabon,Robusta,1997/98,48000,1997
Ghana,Robusta,1997/98,180000,1997
Guatemala,Arabica/Robusta,1997/98,18000000,1997
Guinea,Robusta,1997/98,3000000,1997
Guyana,Robusta,1997/98,0,1997
Honduras,Arabica,1997/98,9660000,1997
India,Robusta/Arabica,1997/98,50340000,1997
Jamaica,Arabica,1997/98,1200000,1997
Kenya,Arabica,1997/98,3000000,1997
Lao People's Democratic Republic,Robusta,1997/98,0,1997
Liberia,Robusta,1997/98,300000,1997
Mexico,Arabica/Robusta,1997/98,72060000,1997
Nepal,Arabica,1997/98,0,1997
Nicaragua,Arabica,1997/98,7380000,1997
Nigeria,Robusta,1997/98,2400000,1997
Panama,Arabica,1997/98,4836900,1997
Sierra Leone,Robusta,1997/98,300000,1997
Sri Lanka,Robusta/Arabica,1997/98,1200000,1997
Thailand,Robusta/Arabica,1997/98,23400000,1997
Togo,Robusta,1997/98,60000,1997
Trinidad & Tobago,Robusta,1997/98,840000,1997
Uganda,Robusta/Arabica,1997/98,6071400,1997
Venezuela,Arabica,1997/98,62736599,1997
Viet Nam,Robusta/Arabica,1997/98,18843480,1997
Yemen,Arabica,1997/98,0,1997
Angola,Robusta/Arabica,1998/99,1800000,1998
Bolivia (Plurinational State of),Arabica,1998/99,1980000,1998
Brazil,Arabica/Robusta,1998/99,732000000,1998
Burundi,Arabica/Robusta,1998/99,120000,1998
Ecuador,Arabica/Robusta,1998/99,18000000,1998
Indonesia,Robusta/Arabica,1998/99,94680000,1998
Madagascar,Robusta,1998/99,10020000,1998
Malawi,Arabica,1998/99,120000,1998
Papua New Guinea,Arabica/Robusta,1998/99,60000,1998
Paraguay,Arabica,1998/99,1200000,1998
Peru,Arabica,1998/99,12000000,1998
Rwanda,Arabica,1998/99,180000,1998
Timor-Leste,Arabica,1998/99,0,1998
Zimbabwe,Arabica,1998/99,240000,1998
Congo,Robusta,1998/99,180000,1998
Cuba,Arabica,1998/99,12000000,1998
Dominican Republic,Arabica/Robusta,1998/99,19500000,1998
Haiti,Arabica,1998/99,19800000,1998
Philippines,Robusta/Arabica,1998/99,48600000,1998
Tanzania,Arabica/Robusta,1998/99,1020000,1998
Zambia,Arabica,1998/99,36000,1998
Cameroon,Robusta/Arabica,1998/99,6000000,1998
Central African Republic,Robusta,1998/99,1140000,1998
Colombia,Arabica,1998/99,78720000,1998
Costa Rica,Arabica,1998/99,22500000,1998
Côte d'Ivoire,Robusta,1998/99,3000000,1998
Democratic Republic of Congo,Robusta/Arabica,1998/99,12000000,1998
El Salvador,Arabica,1998/99,11500020,1998
Equatorial Guinea,Robusta,1998/99,0,1998
Ethiopia,Arabica,1998/99,108960000,1998
Gabon,Robusta,1998/99,48000,1998
Ghana,Robusta,1998/99,60000,1998
Guatemala,Arabica/Robusta,1998/99,18000000,1998
Guinea,Robusta,1998/99,3000000,1998
Guyana,Robusta,1998/99,292020,1998
Honduras,Arabica,1998/99,8280000,1998
India,Robusta/Arabica,1998/99,54000000,1998
Jamaica,Arabica,1998/99,888000,1998
Kenya,Arabica,1998/99,3000000,1998
Lao People's Democratic Republic,Robusta,1998/99,0,1998
Liberia,Robusta,1998/99,300000,1998
Mexico,Arabica/Robusta,1998/99,66480000,1998
Nepal,Arabica,1998/99,0,1998
Nicaragua,Arabica,1998/99,7590000,1998
Nigeria,Robusta,1998/99,2400000,1998
Panama,Arabica,1998/99,4020000,1998
Sierra Leone,Robusta,1998/99,300000,1998
Sri Lanka,Robusta/Arabica,1998/99,1800000,1998
Thailand,Robusta/Arabica,1998/99,25980000,1998
Togo,Robusta,1998/99,120000,1998
Trinidad & Tobago,Robusta,1998/99,840000,1998
Uganda,Robusta/Arabica,1998/99,6960000,1998
Venezuela,Arabica,1998/99,65390400,1998
Viet Nam,Robusta/Arabica,1998/99,19891140,1998
Yemen,Arabica,1998/99,0,1998
Angola,Robusta/Arabica,1999/00,1200000,1999
Bolivia (Plurinational State of),Arabica,1999/00,2040000,1999
Brazil,Arabica/Robusta,1999/00,762000000,1999
Burundi,Arabica/Robusta,1999/00,120000,1999
Ecuador,Arabica/Robusta,1999/00,13800000,1999
Indonesia,Robusta/Arabica,1999/00,97560000,1999
Madagascar,Robusta,1999/00,3360000,1999
Malawi,Arabica,1999/00,60000,1999
Papua New Guinea,Arabica/Robusta,1999/00,120000,1999
Paraguay,Arabica,1999/00,1200000,1999
Peru,Arabica,1999/00,12000000,1999
Rwanda,Arabica,1999/00,120000,1999
Timor-Leste,Arabica,1999/00,0,1999
Zimbabwe,Arabica,1999/00,240000,1999
Congo,Robusta,1999/00,180000,1999
Cuba,Arabica,1999/00,12000000,1999
Dominican Republic,Arabica/Robusta,1999/00,19500000,1999
Haiti,Arabica,1999/00,20400000,1999
Philippines,Robusta/Arabica,1999/00,51720000,1999
Tanzania,Arabica/Robusta,1999/00,840000,1999
Zambia,Arabica,1999/00,36000,1999
Cameroon,Robusta/Arabica,1999/00,6000000,1999
Central African Republic,Robusta,1999/00,1260000,1999
Colombia,Arabica,1999/00,77820000,1999
Costa Rica,Arabica,1999/00,22500000,1999
Côte d'Ivoire,Robusta,1999/00,3000000,1999
Democratic Republic of Congo,Robusta/Arabica,1999/00,12000000,1999
El Salvador,Arabica,1999/00,9198000,1999
Equatorial Guinea,Robusta,1999/00,0,1999
Ethiopia,Arabica,1999/00,114720000,1999
Gabon,Robusta,1999/00,42900,1999
Ghana,Robusta,1999/00,60000,1999
Guatemala,Arabica/Robusta,1999/00,18000000,1999
Guinea,Robusta,1999/00,3000000,1999
Guyana,Robusta,1999/00,261000,1999
Honduras,Arabica,1999/00,10080000,1999
India,Robusta/Arabica,1999/00,55500000,1999
Jamaica,Arabica,1999/00,660000,1999
Kenya,Arabica,1999/00,3000000,1999
Lao People's Democratic Republic,Robusta,1999/00,0,1999
Liberia,Robusta,1999/00,300000,1999
Mexico,Arabica/Robusta,1999/00,69000000,1999
Nepal,Arabica,1999/00,0,1999
Nicaragua,Arabica,1999/00,7818000,1999
Nigeria,Robusta,1999/00,2400000,1999
Panama,Arabica,1999/00,4020000,1999
Sierra Leone,Robusta,1999/00,300000,1999
Sri Lanka,Robusta/Arabica,1999/00,1800000,1999
Thailand,Robusta/Arabica,1999/00,25980000,1999
Togo,Robusta,1999/00,120000,1999
Trinidad & Tobago,Robusta,1999/00,840000,1999
Uganda,Robusta/Arabica,1999/00,7140000,1999
Venezuela,Arabica,1999/00,68156400,1999
Viet Nam,Robusta/Arabica,1999/00,21000000,1999
Yemen,Arabica,1999/00,0,1999
Angola,Robusta/Arabica,2000/01,1200000,2000
Bolivia (Plurinational State of),Arabica,2000/01,2100000,2000
Brazil,Arabica/Robusta,2000/01,792000000,2000
Burundi,Arabica/Robusta,2000/01,120000,2000
Ecuador,Arabica/Robusta,2000/01,12000000,2000
Indonesia,Robusta/Arabica,2000/01,100560000,2000
Madagascar,Robusta,2000/01,5346000,2000
Malawi,Arabica,2000/01,60000,2000
Papua New Guinea,Arabica/Robusta,2000/01,120000,2000
Paraguay,Arabica,2000/01,1200000,2000
Peru,Arabica,2000/01,12000000,2000
Rwanda,Arabica,2000/01,120000,2000
Timor-Leste,Arabica,2000/01,0,2000
Zimbabwe,Arabica,2000/01,240000,2000
Congo,Robusta,2000/01,180000,2000
Cuba,Arabica,2000/01,12780000,2000
Dominican Republic,Arabica/Robusta,2000/01,19500000,2000
Haiti,Arabica,2000/01,20400000,2000
Philippines,Robusta/Arabica,2000/01,49200000,2000
Tanzania,Arabica/Robusta,2000/01,900000,2000
Zambia,Arabica,2000/01,36000,2000
Cameroon,Robusta/Arabica,2000/01,4500000,2000
Central African Republic,Robusta,2000/01,180000,2000
Colombia,Arabica,2000/01,76920000,2000
Costa Rica,Arabica,2000/01,22500000,2000
Côte d'Ivoire,Robusta,2000/01,19000020,2000
Democratic Republic of Congo,Robusta/Arabica,2000/01,12000000,2000
El Salvador,Arabica,2000/01,8640000,2000
Equatorial Guinea,Robusta,2000/01,0,2000
Ethiopia,Arabica,2000/01,120840000,2000
Gabon,Robusta,2000/01,18000,2000
Ghana,Robusta,2000/01,60000,2000
Guatemala,Arabica/Robusta,2000/01,18000000,2000
Guinea,Robusta,2000/01,3000000,2000
Guyana,Robusta,2000/01,112980,2000
Honduras,Arabica,2000/01,13800000,2000
India,Robusta/Arabica,2000/01,58500000,2000
Jamaica,Arabica,2000/01,724020,2000
Kenya,Arabica,2000/01,3000000,2000
Lao People's Democratic Republic,Robusta,2000/01,0,2000
Liberia,Robusta,2000/01,300000,2000
Mexico,Arabica/Robusta,2000/01,78300000,2000
Nepal,Arabica,2000/01,0,2000
Nicaragua,Arabica,2000/01,10495800,2000
Nigeria,Robusta,2000/01,2400000,2000
Panama,Arabica,2000/01,4020000,2000
Sierra Leone,Robusta,2000/01,300000,2000
Sri Lanka,Robusta/Arabica,2000/01,1800000,2000
Thailand,Robusta/Arabica,2000/01,30000000,2000
Togo,Robusta,2000/01,120000,2000
Trinidad & Tobago,Robusta,2000/01,840000,2000
Uganda,Robusta/Arabica,2000/01,8520000,2000
Venezuela,Arabica,2000/01,71039400,2000
Viet Nam,Robusta/Arabica,2000/01,24097500,2000
Yemen,Arabica,2000/01,0,2000
Angola,Robusta/Arabica,2001/02,1200000,2001
Bolivia (Plurinational State of),Arabica,2001/02,2190000,2001
Brazil,Arabica/Robusta,2001/02,815400000,2001
Burundi,Arabica/Robusta,2001/02,120000,2001
Ecuador,Arabica/Robusta,2001/02,12000000,2001
Indonesia,Robusta/Arabica,2001/02,120000000,2001
Madagascar,Robusta,2001/02,7680000,2001
Malawi,Arabica,2001/02,60000,2001
Papua New Guinea,Arabica/Robusta,2001/02,120000,2001
Paraguay,Arabica,2001/02,1200000,2001
Peru,Arabica,2001/02,12000000,2001
Rwanda,Arabica,2001/02,120000,2001
Timor-Leste,Arabica,2001/02,0,2001
Zimbabwe,Arabica,2001/02,240000,2001
Congo,Robusta,2001/02,180000,2001
Cuba,Arabica,2001/02,13200000,2001
Dominican Republic,Arabica/Robusta,2001/02,20411880,2001
Haiti,Arabica,2001/02,20400000,2001
Philippines,Robusta/Arabica,2001/02,49260000,2001
Tanzania,Arabica/Robusta,2001/02,900000,2001
Zambia,Arabica,2001/02,36000,2001
Cameroon,Robusta/Arabica,2001/02,4140000,2001
Central African Republic,Robusta,2001/02,180000,2001
Colombia,Arabica,2001/02,76020000,2001
Costa Rica,Arabica,2001/02,22500000,2001
Côte d'Ivoire,Robusta,2001/02,19000020,2001
Democratic Republic of Congo,Robusta/Arabica,2001/02,12000000,2001
El Salvador,Arabica,2001/02,9198000,2001
Equatorial Guinea,Robusta,2001/02,0,2001
Ethiopia,Arabica,2001/02,127260000,2001
Gabon,Robusta,2001/02,18000,2001
Ghana,Robusta,2001/02,60000,2001
Guatemala,Arabica/Robusta,2001/02,18000000,2001
Guinea,Robusta,2001/02,3000000,2001
Guyana,Robusta,2001/02,250020,2001
Honduras,Arabica,2001/02,12000000,2001
India,Robusta/Arabica,2001/02,64020000,2001
Jamaica,Arabica,2001/02,600000,2001
Kenya,Arabica,2001/02,3000000,2001
Lao People's Democratic Republic,Robusta,2001/02,0,2001
Liberia,Robusta,2001/02,300000,2001
Mexico,Arabica/Robusta,2001/02,90000000,2001
Nepal,Arabica,2001/02,0,2001
Nicaragua,Arabica,2001/02,10639380,2001
Nigeria,Robusta,2001/02,2400000,2001
Panama,Arabica,2001/02,4020000,2001
Sierra Leone,Robusta,2001/02,300000,2001
Sri Lanka,Robusta/Arabica,2001/02,1800000,2001
Thailand,Robusta/Arabica,2001/02,30000000,2001
Togo,Robusta,2001/02,120000,2001
Trinidad & Tobago,Robusta,2001/02,840000,2001
Uganda,Robusta/Arabica,2001/02,8460000,2001
Venezuela,Arabica,2001/02,74044200,2001
Viet Nam,Robusta/Arabica,2001/02,27651900,2001
Yemen,Arabica,2001/02,0,2001
Angola,Robusta/Arabica,2002/03,1200000,2002
Bolivia (Plurinational State of),Arabica,2002/03,2250000,2002
Brazil,Arabica/Robusta,2002/03,825000000,2002
Burundi,Arabica/Robusta,2002/03,120000,2002
Ecuador,Arabica/Robusta,2002/03,9000000,2002
Indonesia,Robusta/Arabica,2002/03,106740000,2002
Madagascar,Robusta,2002/03,13020000,2002
Malawi,Arabica,2002/03,60000,2002
Papua New Guinea,Arabica/Robusta,2002/03,120000,2002
Paraguay,Arabica,2002/03,1200000,2002
Peru,Arabica,2002/03,13200000,2002
Rwanda,Arabica,2002/03,19980,2002
Timor-Leste,Arabica,2002/03,0,2002
Zimbabwe,Arabica,2002/03,240000,2002
Congo,Robusta,2002/03,180000,2002
Cuba,Arabica,2002/03,13440000,2002
Dominican Republic,Arabica/Robusta,2002/03,20411880,2002
Haiti,Arabica,2002/03,20400000,2002
Philippines,Robusta/Arabica,2002/03,49740000,2002
Tanzania,Arabica/Robusta,2002/03,900000,2002
Zambia,Arabica,2002/03,36000,2002
Cameroon,Robusta/Arabica,2002/03,4140000,2002
Central African Republic,Robusta,2002/03,227220,2002
Colombia,Arabica,2002/03,75120000,2002
Costa Rica,Arabica,2002/03,22500000,2002
Côte d'Ivoire,Robusta,2002/03,19000020,2002
Democratic Republic of Congo,Robusta/Arabica,2002/03,12000000,2002
El Salvador,Arabica,2002/03,9198000,2002
Equatorial Guinea,Robusta,2002/03,0,2002
Ethiopia,Arabica,2002/03,134040000,2002
Gabon,Robusta,2002/03,18000,2002
Ghana,Robusta,2002/03,60000,2002
Guatemala,Arabica/Robusta,2002/03,18000000,2002
Guinea,Robusta,2002/03,3000000,2002
Guyana,Robusta,2002/03,261000,2002
Honduras,Arabica,2002/03,12000000,2002
India,Robusta/Arabica,2002/03,67980000,2002
Jamaica,Arabica,2002/03,540000,2002
Kenya,Arabica,2002/03,3000000,2002
Lao People's Democratic Republic,Robusta,2002/03,9480000,2002
Liberia,Robusta,2002/03,300000,2002
Mexico,Arabica/Robusta,2002/03,90000000,2002
Nepal,Arabica,2002/03,0,2002
Nicaragua,Arabica,2002/03,10777440,2002
Nigeria,Robusta,2002/03,2400000,2002
Panama,Arabica,2002/03,4020000,2002
Sierra Leone,Robusta,2002/03,300000,2002
Sri Lanka,Robusta/Arabica,2002/03,1800000,2002
Thailand,Robusta/Arabica,2002/03,30000000,2002
Togo,Robusta,2002/03,120000,2002
Trinidad & Tobago,Robusta,2002/03,840000,2002
Uganda,Robusta/Arabica,2002/03,8400000,2002
Venezuela,Arabica,2002/03,77176200,2002
Viet Nam,Robusta/Arabica,2002/03,31130520,2002
Yemen,Arabica,2002/03,0,2002
Angola,Robusta/Arabica,2003/04,900000,2003
Bolivia (Plurinational State of),Arabica,2003/04,2310000,2003
Brazil,Arabica/Robusta,2003/04,852000000,2003
Burundi,Arabica/Robusta,2003/04,120000,2003
Ecuador,Arabica/Robusta,2003/04,9000000,2003
Indonesia,Robusta/Arabica,2003/04,109980000,2003
Madagascar,Robusta,2003/04,19980000,2003
Malawi,Arabica,2003/04,60000,2003
Papua New Guinea,Arabica/Robusta,2003/04,120000,2003
Paraguay,Arabica,2003/04,1200000,2003
Peru,Arabica,2003/04,13200000,2003
Rwanda,Arabica,2003/04,19980,2003
Timor-Leste,Arabica,2003/04,0,2003
Zimbabwe,Arabica,2003/04,240000,2003
Congo,Robusta,2003/04,180000,2003
Cuba,Arabica,2003/04,13440000,2003
Dominican Republic,Arabica/Robusta,2003/04,20400000,2003
Haiti,Arabica,2003/04,20400000,2003
Philippines,Robusta/Arabica,2003/04,55020000,2003
Tanzania,Arabica/Robusta,2003/04,1620000,2003
Zambia,Arabica,2003/04,36000,2003
Cameroon,Robusta/Arabica,2003/04,4140000,2003
Central African Republic,Robusta,2003/04,227220,2003
Colombia,Arabica,2003/04,74220000,2003
Costa Rica,Arabica,2003/04,22500000,2003
Côte d'Ivoire,Robusta,2003/04,19000020,2003
Democratic Republic of Congo,Robusta/Arabica,2003/04,12000000,2003
El Salvador,Arabica,2003/04,9198000,2003
Equatorial Guinea,Robusta,2003/04,0,2003
Ethiopia,Arabica,2003/04,141180000,2003
Gabon,Robusta,2003/04,18000,2003
Ghana,Robusta,2003/04,60000,2003
Guatemala,Arabica/Robusta,2003/04,18000000,2003
Guinea,Robusta,2003/04,3000000,2003
Guyana,Robusta,2003/04,285000,2003
Honduras,Arabica,2003/04,12000000,2003
India,Robusta/Arabica,2003/04,70020000,2003
Jamaica,Arabica,2003/04,540000,2003
Kenya,Arabica,2003/04,3000000,2003
Lao People's Democratic Republic,Robusta,2003/04,6180000,2003
Liberia,Robusta,2003/04,300000,2003
Mexico,Arabica/Robusta,2003/04,90000000,2003
Nepal,Arabica,2003/04,0,2003
Nicaragua,Arabica,2003/04,10914900,2003
Nigeria,Robusta,2003/04,2400000,2003
Panama,Arabica,2003/04,4020000,2003
Sierra Leone,Robusta,2003/04,300000,2003
Sri Lanka,Robusta/Arabica,2003/04,1800000,2003
Thailand,Robusta/Arabica,2003/04,30000000,2003
Togo,Robusta,2003/04,120000,2003
Trinidad & Tobago,Robusta,2003/04,840000,2003
Uganda,Robusta/Arabica,2003/04,7860000,2003
Venezuela,Arabica,2003/04,80440800,2003
Viet Nam,Robusta/Arabica,2003/04,36410760,2003
Yemen,Arabica,2003/04,8760000,2003
Angola,Robusta/Arabica,2004/05,900000,2004
Bolivia (Plurinational State of),Arabica,2004/05,2700000,2004
Brazil,Arabica/Robusta,2004/05,896760000,2004
Burundi,Arabica/Robusta,2004/05,120000,2004
Ecuador,Arabica/Robusta,2004/05,9000000,2004
Indonesia,Robusta/Arabica,2004/05,120000000,2004
Madagascar,Robusta,2004/05,28020000,2004
Malawi,Arabica,2004/05,60000,2004
Papua New Guinea,Arabica/Robusta,2004/05,120000,2004
Paraguay,Arabica,2004/05,1200000,2004
Peru,Arabica,2004/05,13200000,2004
Rwanda,Arabica,2004/05,60000,2004
Timor-Leste,Arabica,2004/05,0,2004
Zimbabwe,Arabica,2004/05,240000,2004
Congo,Robusta,2004/05,180000,2004
Cuba,Arabica,2004/05,13440000,2004
Dominican Republic,Arabica/Robusta,2004/05,22679880,2004
Haiti,Arabica,2004/05,20400000,2004
Philippines,Robusta/Arabica,2004/05,61200000,2004
Tanzania,Arabica/Robusta,2004/05,2220000,2004
Zambia,Arabica,2004/05,36000,2004
Cameroon,Robusta/Arabica,2004/05,4140000,2004
Central African Republic,Robusta,2004/05,180000,2004
Colombia,Arabica,2004/05,73380000,2004
Costa Rica,Arabica,2004/05,22500000,2004
Côte d'Ivoire,Robusta,2004/05,19000020,2004
Democratic Republic of Congo,Robusta/Arabica,2004/05,12000000,2004
El Salvador,Arabica,2004/05,10350000,2004
Equatorial Guinea,Robusta,2004/05,0,2004
Ethiopia,Arabica,2004/05,148680000,2004
Gabon,Robusta,2004/05,18000,2004
Ghana,Robusta,2004/05,95400,2004
Guatemala,Arabica/Robusta,2004/05,18000000,2004
Guinea,Robusta,2004/05,3000000,2004
Guyana,Robusta,2004/05,330000,2004
Honduras,Arabica,2004/05,13800000,2004
India,Robusta/Arabica,2004/05,72120000,2004
Jamaica,Arabica,2004/05,540000,2004
Kenya,Arabica,2004/05,3000000,2004
Lao People's Democratic Republic,Robusta,2004/05,8100000,2004
Liberia,Robusta,2004/05,300000,2004
Mexico,Arabica/Robusta,2004/05,90000000,2004
Nepal,Arabica,2004/05,0,2004
Nicaragua,Arabica,2004/05,11056680,2004
Nigeria,Robusta,2004/05,2400000,2004
Panama,Arabica,2004/05,4020000,2004
Sierra Leone,Robusta,2004/05,300000,2004
Sri Lanka,Robusta/Arabica,2004/05,1800000,2004
Thailand,Robusta/Arabica,2004/05,30000000,2004
Togo,Robusta,2004/05,120000,2004
Trinidad & Tobago,Robusta,2004/05,840000,2004
Uganda,Robusta/Arabica,2004/05,8400000,2004
Venezuela,Arabica,2004/05,83843400,2004
Viet Nam,Robusta/Arabica,2004/05,41781360,2004
Yemen,Arabica,2004/05,8160000,2004
Angola,Robusta/Arabica,2005/06,900000,2005
Bolivia (Plurinational State of),Arabica,2005/06,2460000,2005
Brazil,Arabica/Robusta,2005/06,932280000,2005
Burundi,Arabica/Robusta,2005/06,114360,2005
Ecuador,Arabica/Robusta,2005/06,9000000,2005
Indonesia,Robusta/Arabica,2005/06,150000000,2005
Madagascar,Robusta,2005/06,28020000,2005
Malawi,Arabica,2005/06,60000,2005
Papua New Guinea,Arabica/Robusta,2005/06,120000,2005
Paraguay,Arabica,2005/06,1200000,2005
Peru,Arabica,2005/06,13200000,2005
Rwanda,Arabica,2005/06,60000,2005
Timor-Leste,Arabica,2005/06,0,2005
Zimbabwe,Arabica,2005/06,240000,2005
Congo,Robusta,2005/06,180000,2005
Cuba,Arabica,2005/06,13440000,2005
Dominican Republic,Arabica/Robusta,2005/06,22679880,2005
Haiti,Arabica,2005/06,20400000,2005
Philippines,Robusta/Arabica,2005/06,62400000,2005
Tanzania,Arabica/Robusta,2005/06,2820000,2005
Zambia,Arabica,2005/06,36000,2005
Cameroon,Robusta/Arabica,2005/06,4140000,2005
Central African Republic,Robusta,2005/06,180000,2005
Colombia,Arabica,2005/06,72540000,2005
Costa Rica,Arabica,2005/06,22500000,2005
Côte d'Ivoire,Robusta,2005/06,19000020,2005
Democratic Republic of Congo,Robusta/Arabica,2005/06,12000000,2005
El Salvador,Arabica,2005/06,13446000,2005
Equatorial Guinea,Robusta,2005/06,0,2005
Ethiopia,Arabica,2005/06,156540000,2005
Gabon,Robusta,2005/06,18000,2005
Ghana,Robusta,2005/06,95400,2005
Guatemala,Arabica/Robusta,2005/06,18000000,2005
Guinea,Robusta,2005/06,3000000,2005
Guyana,Robusta,2005/06,336000,2005
Honduras,Arabica,2005/06,13800000,2005
India,Robusta/Arabica,2005/06,74280000,2005
Jamaica,Arabica,2005/06,540000,2005
Kenya,Arabica,2005/06,3000000,2005
Lao People's Democratic Republic,Robusta,2005/06,8400000,2005
Liberia,Robusta,2005/06,300000,2005
Mexico,Arabica/Robusta,2005/06,103500000,2005
Nepal,Arabica,2005/06,0,2005
Nicaragua,Arabica,2005/06,11203140,2005
Nigeria,Robusta,2005/06,2400000,2005
Panama,Arabica,2005/06,4020000,2005
Sierra Leone,Robusta,2005/06,300000,2005
Sri Lanka,Robusta/Arabica,2005/06,1800000,2005
Thailand,Robusta/Arabica,2005/06,30000000,2005
Togo,Robusta,2005/06,120000,2005
Trinidad & Tobago,Robusta,2005/06,840000,2005
Uganda,Robusta/Arabica,2005/06,9000000,2005
Venezuela,Arabica,2005/06,87390000,2005
Viet Nam,Robusta/Arabica,2005/06,48000000,2005
Yemen,Arabica,2005/06,8280000,2005
Angola,Robusta/Arabica,2006/07,1800000,2006
Bolivia (Plurinational State of),Arabica,2006/07,2520000,2006
Brazil,Arabica/Robusta,2006/07,979860000,2006
Burundi,Arabica/Robusta,2006/07,93600,2006
Ecuador,Arabica/Robusta,2006/07,9000000,2006
Indonesia,Robusta/Arabica,2006/07,169980000,2006
Madagascar,Robusta,2006/07,28020000,2006
Malawi,Arabica,2006/07,60000,2006
Papua New Guinea,Arabica/Robusta,2006/07,120000,2006
Paraguay,Arabica,2006/07,1200000,2006
Peru,Arabica,2006/07,13200000,2006
Rwanda,Arabica,2006/07,60000,2006
Timor-Leste,Arabica,2006/07,0,2006
Zimbabwe,Arabica,2006/07,240000,2006
Congo,Robusta,2006/07,180000,2006
Cuba,Arabica,2006/07,13440000,2006
Dominican Republic,Arabica/Robusta,2006/07,22679880,2006
Haiti,Arabica,2006/07,20400000,2006
Philippines,Robusta/Arabica,2006/07,63600000,2006
Tanzania,Arabica/Robusta,2006/07,2820000,2006
Zambia,Arabica,2006/07,36000,2006
Cameroon,Robusta/Arabica,2006/07,4140000,2006
Central African Republic,Robusta,2006/07,180000,2006
Colombia,Arabica,2006/07,71677980,2006
Costa Rica,Arabica,2006/07,22500000,2006
Côte d'Ivoire,Robusta,2006/07,19000020,2006
Democratic Republic of Congo,Robusta/Arabica,2006/07,12000000,2006
El Salvador,Arabica,2006/07,15228000,2006
Equatorial Guinea,Robusta,2006/07,0,2006
Ethiopia,Arabica,2006/07,164880000,2006
Gabon,Robusta,2006/07,18000,2006
Ghana,Robusta,2006/07,60000,2006
Guatemala,Arabica/Robusta,2006/07,18000000,2006
Guinea,Robusta,2006/07,3000000,2006
Guyana,Robusta,2006/07,343020,2006
Honduras,Arabica,2006/07,13800000,2006
India,Robusta/Arabica,2006/07,76500000,2006
Jamaica,Arabica,2006/07,540000,2006
Kenya,Arabica,2006/07,3000000,2006
Lao People's Democratic Republic,Robusta,2006/07,8400000,2006
Liberia,Robusta,2006/07,300000,2006
Mexico,Arabica/Robusta,2006/07,120000000,2006
Nepal,Arabica,2006/07,0,2006
Nicaragua,Arabica,2006/07,11351100,2006
Nigeria,Robusta,2006/07,2400000,2006
Panama,Arabica,2006/07,4020000,2006
Sierra Leone,Robusta,2006/07,300000,2006
Sri Lanka,Robusta/Arabica,2006/07,1800000,2006
Thailand,Robusta/Arabica,2006/07,30000000,2006
Togo,Robusta,2006/07,120000,2006
Trinidad & Tobago,Robusta,2006/07,660000,2006
Uganda,Robusta/Arabica,2006/07,10500000,2006
Venezuela,Arabica,2006/07,91086600,2006
Viet Nam,Robusta/Arabica,2006/07,55020000,2006
Yemen,Arabica,2006/07,8280000,2006
Angola,Robusta/Arabica,2007/08,1800000,2007
Bolivia (Plurinational State of),Arabica,2007/08,2610000,2007
Brazil,Arabica/Robusta,2007/08,1026600000,2007
Burundi,Arabica/Robusta,2007/08,81420,2007
Ecuador,Arabica/Robusta,2007/08,9000000,2007
Indonesia,Robusta/Arabica,2007/08,199980000,2007
Madagascar,Robusta,2007/08,28020000,2007
Malawi,Arabica,2007/08,60000,2007
Papua New Guinea,Arabica/Robusta,2007/08,120000,2007
Paraguay,Arabica,2007/08,1200000,2007
Peru,Arabica,2007/08,13200000,2007
Rwanda,Arabica,2007/08,60000,2007
Timor-Leste,Arabica,2007/08,0,2007
Zimbabwe,Arabica,2007/08,240000,2007
Congo,Robusta,2007/08,180000,2007
Cuba,Arabica,2007/08,13440000,2007
Dominican Republic,Arabica/Robusta,2007/08,22680000,2007
Haiti,Arabica,2007/08,20400000,2007
Philippines,Robusta/Arabica,2007/08,63600000,2007
Tanzania,Arabica/Robusta,2007/08,2820000,2007
Zambia,Arabica,2007/08,60000,2007
Cameroon,Robusta/Arabica,2007/08,4140000,2007
Central African Republic,Robusta,2007/08,199980,2007
Colombia,Arabica,2007/08,76855380,2007
Costa Rica,Arabica,2007/08,22500000,2007
Côte d'Ivoire,Robusta,2007/08,19020000,2007
Democratic Republic of Congo,Robusta/Arabica,2007/08,12000000,2007
El Salvador,Arabica,2007/08,15030000,2007
Equatorial Guinea,Robusta,2007/08,0,2007
Ethiopia,Arabica,2007/08,173640000,2007
Gabon,Robusta,2007/08,18000,2007
Ghana,Robusta,2007/08,120000,2007
Guatemala,Arabica/Robusta,2007/08,18000000,2007
Guinea,Robusta,2007/08,3000000,2007
Guyana,Robusta,2007/08,420000,2007
Honduras,Arabica,2007/08,14700000,2007
India,Robusta/Arabica,2007/08,81000000,2007
Jamaica,Arabica,2007/08,540000,2007
Kenya,Arabica,2007/08,3000000,2007
Lao People's Democratic Republic,Robusta,2007/08,8400000,2007
Liberia,Robusta,2007/08,300000,2007
Mexico,Arabica/Robusta,2007/08,132000000,2007
Nepal,Arabica,2007/08,0,2007
Nicaragua,Arabica,2007/08,11498700,2007
Nigeria,Robusta,2007/08,2400000,2007
Panama,Arabica,2007/08,4020000,2007
Sierra Leone,Robusta,2007/08,300000,2007
Sri Lanka,Robusta/Arabica,2007/08,1800000,2007
Thailand,Robusta/Arabica,2007/08,33000000,2007
Togo,Robusta,2007/08,120000,2007
Trinidad & Tobago,Robusta,2007/08,660000,2007
Uganda,Robusta/Arabica,2007/08,10815000,2007
Venezuela,Arabica,2007/08,94939800,2007
Viet Nam,Robusta/Arabica,2007/08,56280000,2007
Yemen,Arabica,2007/08,7800000,2007
Angola,Robusta/Arabica,2008/09,1800000,2008
Bolivia (Plurinational State of),Arabica,2008/09,2700000,2008
Brazil,Arabica/Robusta,2008/09,1059600000,2008
Burundi,Arabica/Robusta,2008/09,86100,2008
Ecuador,Arabica/Robusta,2008/09,9000000,2008
Indonesia,Robusta/Arabica,2008/09,199980000,2008
Madagascar,Robusta,2008/09,28020000,2008
Malawi,Arabica,2008/09,60000,2008
Papua New Guinea,Arabica/Robusta,2008/09,120000,2008
Paraguay,Arabica,2008/09,1200000,2008
Peru,Arabica,2008/09,15000000,2008
Rwanda,Arabica,2008/09,60000,2008
Timor-Leste,Arabica,2008/09,0,2008
Zimbabwe,Arabica,2008/09,240000,2008
Congo,Robusta,2008/09,180000,2008
Cuba,Arabica,2008/09,13200000,2008
Dominican Republic,Arabica/Robusta,2008/09,22680000,2008
Haiti,Arabica,2008/09,20400000,2008
Philippines,Robusta/Arabica,2008/09,103200000,2008
Tanzania,Arabica/Robusta,2008/09,2820000,2008
Zambia,Arabica,2008/09,60000,2008
Cameroon,Robusta/Arabica,2008/09,4140000,2008
Central African Republic,Robusta,2008/09,300000,2008
Colombia,Arabica,2008/09,77430000,2008
Costa Rica,Arabica,2008/09,16071540,2008
Côte d'Ivoire,Robusta,2008/09,19020000,2008
Democratic Republic of Congo,Robusta/Arabica,2008/09,12000000,2008
El Salvador,Arabica,2008/09,14658000,2008
Equatorial Guinea,Robusta,2008/09,0,2008
Ethiopia,Arabica,2008/09,182880000,2008
Gabon,Robusta,2008/09,16500,2008
Ghana,Robusta,2008/09,120000,2008
Guatemala,Arabica/Robusta,2008/09,20100000,2008
Guinea,Robusta,2008/09,3000000,2008
Guyana,Robusta,2008/09,508020,2008
Honduras,Arabica,2008/09,16099980,2008
India,Robusta/Arabica,2008/09,76500000,2008
Jamaica,Arabica,2008/09,540000,2008
Kenya,Arabica,2008/09,3000000,2008
Lao People's Democratic Republic,Robusta,2008/09,9000000,2008
Liberia,Robusta,2008/09,300000,2008
Mexico,Arabica/Robusta,2008/09,132000000,2008
Nepal,Arabica,2008/09,0,2008
Nicaragua,Arabica,2008/09,11648820,2008
Nigeria,Robusta,2008/09,2400000,2008
Panama,Arabica,2008/09,4020000,2008
Sierra Leone,Robusta,2008/09,300000,2008
Sri Lanka,Robusta/Arabica,2008/09,1800000,2008
Thailand,Robusta/Arabica,2008/09,36000000,2008
Togo,Robusta,2008/09,120000,2008
Trinidad & Tobago,Robusta,2008/09,660000,2008
Uganda,Robusta/Arabica,2008/09,11100000,2008
Venezuela,Arabica,2008/09,98955600,2008
Viet Nam,Robusta/Arabica,2008/09,61260000,2008
Yemen,Arabica,2008/09,7800000,2008
Angola,Robusta/Arabica,2009/10,1800000,2009
Bolivia (Plurinational State of),Arabica,2009/10,2760000,2009
Brazil,Arabica/Robusta,2009/10,1103400000,2009
Burundi,Arabica/Robusta,2009/10,83940,2009
Ecuador,Arabica/Robusta,2009/10,9000000,2009
Indonesia,Robusta/Arabica,2009/10,199980000,2009
Madagascar,Robusta,2009/10,28020000,2009
Malawi,Arabica,2009/10,60000,2009
Papua New Guinea,Arabica/Robusta,2009/10,120000,2009
Paraguay,Arabica,2009/10,1200000,2009
Peru,Arabica,2009/10,15000000,2009
Rwanda,Arabica,2009/10,60000,2009
Timor-Leste,Arabica,2009/10,0,2009
Zimbabwe,Arabica,2009/10,240000,2009
Congo,Robusta,2009/10,180000,2009
Cuba,Arabica,2009/10,13200000,2009
Dominican Republic,Arabica/Robusta,2009/10,22680000,2009
Haiti,Arabica,2009/10,20400000,2009
Philippines,Robusta/Arabica,2009/10,109200000,2009
Tanzania,Arabica/Robusta,2009/10,2820000,2009
Zambia,Arabica,2009/10,0,2009
Cameroon,Robusta/Arabica,2009/10,4140000,2009
Central African Republic,Robusta,2009/10,499980,2009
Colombia,Arabica,2009/10,76468740,2009
Costa Rica,Arabica,2009/10,17726460,2009
Côte d'Ivoire,Robusta,2009/10,19020000,2009
Democratic Republic of Congo,Robusta/Arabica,2009/10,12000000,2009
El Salvador,Arabica,2009/10,16098000,2009
Equatorial Guinea,Robusta,2009/10,0,2009
Ethiopia,Arabica,2009/10,186540000,2009
Gabon,Robusta,2009/10,15000,2009
Ghana,Robusta,2009/10,120000,2009
Guatemala,Arabica/Robusta,2009/10,19200000,2009
Guinea,Robusta,2009/10,3000000,2009
Guyana,Robusta,2009/10,493980,2009
Honduras,Arabica,2009/10,18400020,2009
India,Robusta/Arabica,2009/10,79500000,2009
Jamaica,Arabica,2009/10,540000,2009
Kenya,Arabica,2009/10,3000000,2009
Lao People's Democratic Republic,Robusta,2009/10,9000000,2009
Liberia,Robusta,2009/10,300000,2009
Mexico,Arabica/Robusta,2009/10,132000000,2009
Nepal,Arabica,2009/10,0,2009
Nicaragua,Arabica,2009/10,11797320,2009
Nigeria,Robusta,2009/10,2400000,2009
Panama,Arabica,2009/10,4020000,2009
Sierra Leone,Robusta,2009/10,300000,2009
Sri Lanka,Robusta/Arabica,2009/10,1800000,2009
Thailand,Robusta/Arabica,2009/10,42000000,2009
Togo,Robusta,2009/10,120000,2009
Trinidad & Tobago,Robusta,2009/10,660000,2009
Uganda,Robusta/Arabica,2009/10,11322000,2009
Venezuela,Arabica,2009/10,99000000,2009
Viet Nam,Robusta/Arabica,2009/10,72480000,2009
Yemen,Arabica,2009/10,7800000,2009
Angola,Robusta/Arabica,2010/11,1800000,2010
Bolivia (Plurinational State of),Arabica,2010/11,2850000,2010
Brazil,Arabica/Robusta,2010/11,1147920000,2010
Burundi,Arabica/Robusta,2010/11,120000,2010
Ecuador,Arabica/Robusta,2010/11,9000000,2010
Indonesia,Robusta/Arabica,2010/11,199980000,2010
Madagascar,Robusta,2010/11,28020000,2010
Malawi,Arabica,2010/11,60000,2010
Papua New Guinea,Arabica/Robusta,2010/11,85800,2010
Paraguay,Arabica,2010/11,1200000,2010
Peru,Arabica,2010/11,15000000,2010
Rwanda,Arabica,2010/11,60000,2010
Timor-Leste,Arabica,2010/11,29400,2010
Zimbabwe,Arabica,2010/11,240000,2010
Congo,Robusta,2010/11,180000,2010
Cuba,Arabica,2010/11,13200000,2010
Dominican Republic,Arabica/Robusta,2010/11,22680000,2010
Haiti,Arabica,2010/11,20400000,2010
Philippines,Robusta/Arabica,2010/11,127500000,2010
Tanzania,Arabica/Robusta,2010/11,2820000,2010
Zambia,Arabica,2010/11,0,2010
Cameroon,Robusta/Arabica,2010/11,4099980,2010
Central African Republic,Robusta,2010/11,600000,2010
Colombia,Arabica,2010/11,78661440,2010
Costa Rica,Arabica,2010/11,24433260,2010
Côte d'Ivoire,Robusta,2010/11,19020000,2010
Democratic Republic of Congo,Robusta/Arabica,2010/11,12000000,2010
El Salvador,Arabica,2010/11,16560000,2010
Equatorial Guinea,Robusta,2010/11,0,2010
Ethiopia,Arabica,2010/11,190260000,2010
Gabon,Robusta,2010/11,56820,2010
Ghana,Robusta,2010/11,120000,2010
Guatemala,Arabica/Robusta,2010/11,20400000,2010
Guinea,Robusta,2010/11,3000000,2010
Guyana,Robusta,2010/11,510000,2010
Honduras,Arabica,2010/11,20100000,2010
India,Robusta/Arabica,2010/11,79500000,2010
Jamaica,Arabica,2010/11,540000,2010
Kenya,Arabica,2010/11,3000000,2010
Lao People's Democratic Republic,Robusta,2010/11,9000000,2010
Liberia,Robusta,2010/11,300000,2010
Mexico,Arabica/Robusta,2010/11,141240000,2010
Nepal,Arabica,2010/11,0,2010
Nicaragua,Arabica,2010/11,12164700,2010
Nigeria,Robusta,2010/11,2400000,2010
Panama,Arabica,2010/11,4020000,2010
Sierra Leone,Robusta,2010/11,300000,2010
Sri Lanka,Robusta/Arabica,2010/11,2100000,2010
Thailand,Robusta/Arabica,2010/11,46500000,2010
Togo,Robusta,2010/11,120000,2010
Trinidad & Tobago,Robusta,2010/11,600000,2010
Uganda,Robusta/Arabica,2010/11,12240000,2010
Venezuela,Arabica,2010/11,99000000,2010
Viet Nam,Robusta/Arabica,2010/11,94980000,2010
Yemen,Arabica,2010/11,7800000,2010
Angola,Robusta/Arabica,2011/12,1800000,2011
Bolivia (Plurinational State of),Arabica,2011/12,2940000,2011
Brazil,Arabica/Robusta,2011/12,1183200000,2011
Burundi,Arabica/Robusta,2011/12,120000,2011
Ecuador,Arabica/Robusta,2011/12,9000000,2011
Indonesia,Robusta/Arabica,2011/12,220020000,2011
Madagascar,Robusta,2011/12,27000000,2011
Malawi,Arabica,2011/12,60000,2011
Papua New Guinea,Arabica/Robusta,2011/12,74160,2011
Paraguay,Arabica,2011/12,1200000,2011
Peru,Arabica,2011/12,15000000,2011
Rwanda,Arabica,2011/12,60000,2011
Timor-Leste,Arabica,2011/12,29400,2011
Zimbabwe,Arabica,2011/12,240000,2011
Congo,Robusta,2011/12,180000,2011
Cuba,Arabica,2011/12,13200000,2011
Dominican Republic,Arabica/Robusta,2011/12,22680000,2011
Haiti,Arabica,2011/12,20400000,2011
Philippines,Robusta/Arabica,2011/12,130500000,2011
Tanzania,Arabica/Robusta,2011/12,3537000,2011
Zambia,Arabica,2011/12,0,2011
Cameroon,Robusta/Arabica,2011/12,4201020,2011
Central African Republic,Robusta,2011/12,799980,2011
Colombia,Arabica,2011/12,86103900,2011
Costa Rica,Arabica,2011/12,22853280,2011
Côte d'Ivoire,Robusta,2011/12,19020000,2011
Democratic Republic of Congo,Robusta/Arabica,2011/12,12000000,2011
El Salvador,Arabica,2011/12,16404000,2011
Equatorial Guinea,Robusta,2011/12,0,2011
Ethiopia,Arabica,2011/12,194100000,2011
Gabon,Robusta,2011/12,61920,2011
Ghana,Robusta,2011/12,120000,2011
Guatemala,Arabica/Robusta,2011/12,21000000,2011
Guinea,Robusta,2011/12,3000000,2011
Guyana,Robusta,2011/12,516000,2011
Honduras,Arabica,2011/12,20400000,2011
India,Robusta/Arabica,2011/12,79500000,2011
Jamaica,Arabica,2011/12,540000,2011
Kenya,Arabica,2011/12,3000000,2011
Lao People's Democratic Republic,Robusta,2011/12,9000000,2011
Liberia,Robusta,2011/12,300000,2011
Mexico,Arabica/Robusta,2011/12,141240000,2011
Nepal,Arabica,2011/12,0,2011
Nicaragua,Arabica,2011/12,12315660,2011
Nigeria,Robusta,2011/12,2400000,2011
Panama,Arabica,2011/12,4020000,2011
Sierra Leone,Robusta,2011/12,300000,2011
Sri Lanka,Robusta/Arabica,2011/12,2100000,2011
Thailand,Robusta/Arabica,2011/12,66000000,2011
Togo,Robusta,2011/12,12600,2011
Trinidad & Tobago,Robusta,2011/12,600000,2011
Uganda,Robusta/Arabica,2011/12,12600000,2011
Venezuela,Arabica,2011/12,99000000,2011
Viet Nam,Robusta/Arabica,2011/12,99000000,2011
Yemen,Arabica,2011/12,7800000,2011
Angola,Robusta/Arabica,2012/13,1800000,2012
Bolivia (Plurinational State of),Arabica,2012/13,3030000,2012
Brazil,Arabica/Robusta,2012/13,1219800000,2012
Burundi,Arabica/Robusta,2012/13,120000,2012
Ecuador,Arabica/Robusta,2012/13,9000000,2012
Indonesia,Robusta/Arabica,2012/13,234000000,2012
Madagascar,Robusta,2012/13,25800000,2012
Malawi,Arabica,2012/13,60000,2012
Papua New Guinea,Arabica/Robusta,2012/13,102660,2012
Paraguay,Arabica,2012/13,1200000,2012
Peru,Arabica,2012/13,15000000,2012
Rwanda,Arabica,2012/13,60000,2012
Timor-Leste,Arabica,2012/13,29400,2012
Zimbabwe,Arabica,2012/13,240000,2012
Congo,Robusta,2012/13,180000,2012
Cuba,Arabica,2012/13,13200000,2012
Dominican Republic,Arabica/Robusta,2012/13,22680000,2012
Haiti,Arabica,2012/13,20400000,2012
Philippines,Robusta/Arabica,2012/13,139500000,2012
Tanzania,Arabica/Robusta,2012/13,4302000,2012
Zambia,Arabica,2012/13,0,2012
Cameroon,Robusta/Arabica,2012/13,4303980,2012
Central African Republic,Robusta,2012/13,1000020,2012
Colombia,Arabica,2012/13,90854520,2012
Costa Rica,Arabica,2012/13,25385820,2012
Côte d'Ivoire,Robusta,2012/13,19020000,2012
Democratic Republic of Congo,Robusta/Arabica,2012/13,12000000,2012
El Salvador,Arabica,2012/13,16596000,2012
Equatorial Guinea,Robusta,2012/13,0,2012
Ethiopia,Arabica,2012/13,197940000,2012
Gabon,Robusta,2012/13,58020,2012
Ghana,Robusta,2012/13,120000,2012
Guatemala,Arabica/Robusta,2012/13,21600000,2012
Guinea,Robusta,2012/13,3000000,2012
Guyana,Robusta,2012/13,522000,2012
Honduras,Arabica,2012/13,20700000,2012
India,Robusta/Arabica,2012/13,82500000,2012
Jamaica,Arabica,2012/13,540000,2012
Kenya,Arabica,2012/13,3000000,2012
Lao People's Democratic Republic,Robusta,2012/13,9000000,2012
Liberia,Robusta,2012/13,300000,2012
Mexico,Arabica/Robusta,2012/13,141240000,2012
Nepal,Arabica,2012/13,0,2012
Nicaragua,Arabica,2012/13,12471840,2012
Nigeria,Robusta,2012/13,2400000,2012
Panama,Arabica,2012/13,4020000,2012
Sierra Leone,Robusta,2012/13,300000,2012
Sri Lanka,Robusta/Arabica,2012/13,2100000,2012
Thailand,Robusta/Arabica,2012/13,67800000,2012
Togo,Robusta,2012/13,14520,2012
Trinidad & Tobago,Robusta,2012/13,600000,2012
Uganda,Robusta/Arabica,2012/13,12960000,2012
Venezuela,Arabica,2012/13,99000000,2012
Viet Nam,Robusta/Arabica,2012/13,109500000,2012
Yemen,Arabica,2012/13,7800000,2012
Angola,Robusta/Arabica,2013/14,1800000,2013
Bolivia (Plurinational State of),Arabica,2013/14,3120000,2013
Brazil,Arabica/Robusta,2013/14,1205100000,2013
Burundi,Arabica/Robusta,2013/14,120000,2013
Ecuador,Arabica/Robusta,2013/14,9300000,2013
Indonesia,Robusta/Arabica,2013/14,255000000,2013
Madagascar,Robusta,2013/14,24600000,2013
Malawi,Arabica,2013/14,60000,2013
Papua New Guinea,Arabica/Robusta,2013/14,122340,2013
Paraguay,Arabica,2013/14,1200000,2013
Peru,Arabica,2013/14,15000000,2013
Rwanda,Arabica,2013/14,60000,2013
Timor-Leste,Arabica,2013/14,29400,2013
Zimbabwe,Arabica,2013/14,240000,2013
Congo,Robusta,2013/14,180000,2013
Cuba,Arabica,2013/14,13200000,2013
Dominican Republic,Arabica/Robusta,2013/14,22999980,2013
Haiti,Arabica,2013/14,20400000,2013
Philippines,Robusta/Arabica,2013/14,153000000,2013
Tanzania,Arabica/Robusta,2013/14,4408020,2013
Zambia,Arabica,2013/14,0,2013
Cameroon,Robusta/Arabica,2013/14,4408980,2013
Central African Republic,Robusta,2013/14,1200000,2013
Colombia,Arabica,2013/14,97021200,2013
Costa Rica,Arabica,2013/14,20103600,2013
Côte d'Ivoire,Robusta,2013/14,19020000,2013
Democratic Republic of Congo,Robusta/Arabica,2013/14,12000000,2013
El Salvador,Arabica,2013/14,16500000,2013
Equatorial Guinea,Robusta,2013/14,0,2013
Ethiopia,Arabica,2013/14,201900000,2013
Gabon,Robusta,2013/14,34980,2013
Ghana,Robusta,2013/14,120000,2013
Guatemala,Arabica/Robusta,2013/14,22200000,2013
Guinea,Robusta,2013/14,3000000,2013
Guyana,Robusta,2013/14,528000,2013
Honduras,Arabica,2013/14,21000000,2013
India,Robusta/Arabica,2013/14,84000000,2013
Jamaica,Arabica,2013/14,540000,2013
Kenya,Arabica,2013/14,3300000,2013
Lao People's Democratic Republic,Robusta,2013/14,9000000,2013
Liberia,Robusta,2013/14,300000,2013
Mexico,Arabica/Robusta,2013/14,139260000,2013
Nepal,Arabica,2013/14,0,2013
Nicaragua,Arabica,2013/14,12573660,2013
Nigeria,Robusta,2013/14,2400000,2013
Panama,Arabica,2013/14,4020000,2013
Sierra Leone,Robusta,2013/14,300000,2013
Sri Lanka,Robusta/Arabica,2013/14,2100000,2013
Thailand,Robusta/Arabica,2013/14,72000000,2013
Togo,Robusta,2013/14,14280,2013
Trinidad & Tobago,Robusta,2013/14,600000,2013
Uganda,Robusta/Arabica,2013/14,13248000,2013
Venezuela,Arabica,2013/14,99000000,2013
Viet Nam,Robusta/Arabica,2013/14,120000000,2013
Yemen,Arabica,2013/14,7800000,2013
Angola,Robusta/Arabica,2014/15,1800000,2014
Bolivia (Plurinational State of),Arabica,2014/15,3210000,2014
Brazil,Arabica/Robusta,2014/15,1219980000,2014
Burundi,Arabica/Robusta,2014/15,120000,2014
Ecuador,Arabica/Robusta,2014/15,9300000,2014
Indonesia,Robusta/Arabica,2014/15,265020000,2014
Madagascar,Robusta,2014/15,23400000,2014
Malawi,Arabica,2014/15,60000,2014
Papua New Guinea,Arabica/Robusta,2014/15,115440,2014
Paraguay,Arabica,2014/15,1200000,2014
Peru,Arabica,2014/15,15000000,2014
Rwanda,Arabica,2014/15,60000,2014
Timor-Leste,Arabica,2014/15,29400,2014
Zimbabwe,Arabica,2014/15,240000,2014
Congo,Robusta,2014/15,180000,2014
Cuba,Arabica,2014/15,13200000,2014
Dominican Republic,Arabica/Robusta,2014/15,23280000,2014
Haiti,Arabica,2014/15,20400000,2014
Philippines,Robusta/Arabica,2014/15,168000000,2014
Tanzania,Arabica/Robusta,2014/15,4603020,2014
Zambia,Arabica,2014/15,0,2014
Cameroon,Robusta/Arabica,2014/15,4519020,2014
Central African Republic,Robusta,2014/15,1200000,2014
Colombia,Arabica,2014/15,99927060,2014
Costa Rica,Arabica,2014/15,22844520,2014
Côte d'Ivoire,Robusta,2014/15,19020000,2014
Democratic Republic of Congo,Robusta/Arabica,2014/15,12000000,2014
El Salvador,Arabica,2014/15,16800000,2014
Equatorial Guinea,Robusta,2014/15,0,2014
Ethiopia,Arabica,2014/15,205980000,2014
Gabon,Robusta,2014/15,31020,2014
Ghana,Robusta,2014/15,120000,2014
Guatemala,Arabica/Robusta,2014/15,22800000,2014
Guinea,Robusta,2014/15,3000000,2014
Guyana,Robusta,2014/15,534000,2014
Honduras,Arabica,2014/15,21300000,2014
India,Robusta/Arabica,2014/15,85800000,2014
Jamaica,Arabica,2014/15,540000,2014
Kenya,Arabica,2014/15,3300000,2014
Lao People's Democratic Republic,Robusta,2014/15,9000000,2014
Liberia,Robusta,2014/15,300000,2014
Mexico,Arabica/Robusta,2014/15,140820000,2014
Nepal,Arabica,2014/15,0,2014
Nicaragua,Arabica,2014/15,12704520,2014
Nigeria,Robusta,2014/15,2400000,2014
Panama,Arabica,2014/15,4020000,2014
Sierra Leone,Robusta,2014/15,300000,2014
Sri Lanka,Robusta/Arabica,2014/15,2100000,2014
Thailand,Robusta/Arabica,2014/15,75000000,2014
Togo,Robusta,2014/15,11700,2014
Trinidad & Tobago,Robusta,2014/15,600000,2014
Uganda,Robusta/Arabica,2014/15,13752000,2014
Venezuela,Arabica,2014/15,99000000,2014
Viet Nam,Robusta/Arabica,2014/15,132000000,2014
Yemen,Arabica,2014/15,7500000,2014
Angola,Robusta/Arabica,2015/16,1800000,2015
Bolivia (Plurinational State of),Arabica,2015/16,3300000,2015
Brazil,Arabica/Robusta,2015/16,1230480000,2015
Burundi,Arabica/Robusta,2015/16,120000,2015
Ecuador,Arabica/Robusta,2015/16,9300000,2015
Indonesia,Robusta/Arabica,2015/16,273000000,2015
Madagascar,Robusta,2015/16,22200000,2015
Malawi,Arabica,2015/16,60000,2015
Papua New Guinea,Arabica/Robusta,2015/16,108000,2015
Paraguay,Arabica,2015/16,1200000,2015
Peru,Arabica,2015/16,15000000,2015
Rwanda,Arabica,2015/16,60000,2015
Timor-Leste,Arabica,2015/16,29400,2015
Zimbabwe,Arabica,2015/16,240000,2015
Congo,Robusta,2015/16,180000,2015
Cuba,Arabica,2015/16,13200000,2015
Dominican Republic,Arabica/Robusta,2015/16,23280000,2015
Haiti,Arabica,2015/16,20400000,2015
Philippines,Robusta/Arabica,2015/16,180000000,2015
Tanzania,Arabica/Robusta,2015/16,5523000,2015
Zambia,Arabica,2015/16,0,2015
Cameroon,Robusta/Arabica,2015/16,4560000,2015
Central African Republic,Robusta,2015/16,1200000,2015
Colombia,Arabica,2015/16,103222380,2015
Costa Rica,Arabica,2015/16,26929260,2015
Côte d'Ivoire,Robusta,2015/16,19020000,2015
Democratic Republic of Congo,Robusta/Arabica,2015/16,12000000,2015
El Salvador,Arabica,2015/16,17100000,2015
Equatorial Guinea,Robusta,2015/16,0,2015
Ethiopia,Arabica,2015/16,210060000,2015
Gabon,Robusta,2015/16,30000,2015
Ghana,Robusta,2015/16,120000,2015
Guatemala,Arabica/Robusta,2015/16,23400000,2015
Guinea,Robusta,2015/16,3000000,2015
Guyana,Robusta,2015/16,540000,2015
Honduras,Arabica,2015/16,21900000,2015
India,Robusta/Arabica,2015/16,87000000,2015
Jamaica,Arabica,2015/16,540000,2015
Kenya,Arabica,2015/16,3600000,2015
Lao People's Democratic Republic,Robusta,2015/16,9000000,2015
Liberia,Robusta,2015/16,300000,2015
Mexico,Arabica/Robusta,2015/16,139740000,2015
Nepal,Arabica,2015/16,0,2015
Nicaragua,Arabica,2015/16,12836760,2015
Nigeria,Robusta,2015/16,2400000,2015
Panama,Arabica,2015/16,4020000,2015
Sierra Leone,Robusta,2015/16,300000,2015
Sri Lanka,Robusta/Arabica,2015/16,2100000,2015
Thailand,Robusta/Arabica,2015/16,78000000,2015
Togo,Robusta,2015/16,13200,2015
Trinidad & Tobago,Robusta,2015/16,600000,2015
Uganda,Robusta/Arabica,2015/16,14040000,2015
Venezuela,Arabica,2015/16,99000000,2015
Viet Nam,Robusta/Arabica,2015/16,138000000,2015
Yemen,Arabica,2015/16,6900000,2015
Angola,Robusta/Arabica,2016/17,1800000,2016
Bolivia (Plurinational State of),Arabica,2016/17,3420000,2016
Brazil,Arabica/Robusta,2016/17,1273500000,2016
Burundi,Arabica/Robusta,2016/17,120000,2016
Ecuador,Arabica/Robusta,2016/17,9300000,2016
Indonesia,Robusta/Arabica,2016/17,279000000,2016
Madagascar,Robusta,2016/17,21600000,2016
Malawi,Arabica,2016/17,60000,2016
Papua New Guinea,Arabica/Robusta,2016/17,120000,2016
Paraguay,Arabica,2016/17,1200000,2016
Peru,Arabica,2016/17,15000000,2016
Rwanda,Arabica,2016/17,60000,2016
Timor-Leste,Arabica,2016/17,29400,2016
Zimbabwe,Arabica,2016/17,240000,2016
Congo,Robusta,2016/17,180000,2016
Cuba,Arabica,2016/17,13200000,2016
Dominican Republic,Arabica/Robusta,2016/17,23400000,2016
Haiti,Arabica,2016/17,20400000,2016
Philippines,Robusta/Arabica,2016/17,181800000,2016
Tanzania,Arabica/Robusta,2016/17,5478000,2016
Zambia,Arabica,2016/17,0,2016
Cameroon,Robusta/Arabica,2016/17,4620000,2016
Central African Republic,Robusta,2016/17,1200000,2016
Colombia,Arabica,2016/17,104186484,2016
Costa Rica,Arabica,2016/17,19767420,2016
Côte d'Ivoire,Robusta,2016/17,19020000,2016
Democratic Republic of Congo,Robusta/Arabica,2016/17,12000000,2016
El Salvador,Arabica,2016/17,17520000,2016
Equatorial Guinea,Robusta,2016/17,0,2016
Ethiopia,Arabica,2016/17,214260000,2016
Gabon,Robusta,2016/17,30000,2016
Ghana,Robusta,2016/17,120000,2016
Guatemala,Arabica/Robusta,2016/17,23400000,2016
Guinea,Robusta,2016/17,3000000,2016
Guyana,Robusta,2016/17,540000,2016
Honduras,Arabica,2016/17,22200000,2016
India,Robusta/Arabica,2016/17,86400000,2016
Jamaica,Arabica,2016/17,540000,2016
Kenya,Arabica,2016/17,3600000,2016
Lao People's Democratic Republic,Robusta,2016/17,9000000,2016
Liberia,Robusta,2016/17,300000,2016
Mexico,Arabica/Robusta,2016/17,141600000,2016
Nepal,Arabica,2016/17,0,2016
Nicaragua,Arabica,2016/17,13003680,2016
Nigeria,Robusta,2016/17,2400000,2016
Panama,Arabica,2016/17,4020000,2016
Sierra Leone,Robusta,2016/17,300000,2016
Sri Lanka,Robusta/Arabica,2016/17,2100000,2016
Thailand,Robusta/Arabica,2016/17,81000000,2016
Togo,Robusta,2016/17,15240,2016
Trinidad & Tobago,Robusta,2016/17,600000,2016
Uganda,Robusta/Arabica,2016/17,14400000,2016
Venezuela,Arabica,2016/17,99000000,2016
Viet Nam,Robusta/Arabica,2016/17,144000000,2016
Yemen,Arabica,2016/17,6000000,2016
Angola,Robusta/Arabica,2017/18,1800000,2017
Bolivia (Plurinational State of),Arabica,2017/18,3510000,2017
Brazil,Arabica/Robusta,2017/18,1319820000,2017
Burundi,Arabica/Robusta,2017/18,120000,2017
Ecuador,Arabica/Robusta,2017/18,9300000,2017
Indonesia,Robusta/Arabica,2017/18,285000000,2017
Madagascar,Robusta,2017/18,21900000,2017
Malawi,Arabica,2017/18,60000,2017
Papua New Guinea,Arabica/Robusta,2017/18,120000,2017
Paraguay,Arabica,2017/18,1200000,2017
Peru,Arabica,2017/18,15000000,2017
Rwanda,Arabica,2017/18,60000,2017
Timor-Leste,Arabica,2017/18,29400,2017
Zimbabwe,Arabica,2017/18,240000,2017
Congo,Robusta,2017/18,180000,2017
Cuba,Arabica,2017/18,13200000,2017
Dominican Republic,Arabica/Robusta,2017/18,23400000,2017
Haiti,Arabica,2017/18,20400000,2017
Philippines,Robusta/Arabica,2017/18,190800000,2017
Tanzania,Arabica/Robusta,2017/18,5500020,2017
Zambia,Arabica,2017/18,0,2017
Cameroon,Robusta/Arabica,2017/18,4680000,2017
Central African Republic,Robusta,2017/18,1200000,2017
Colombia,Arabica,2017/18,107596260,2017
Costa Rica,Arabica,2017/18,21200040,2017
Côte d'Ivoire,Robusta,2017/18,19020000,2017
Democratic Republic of Congo,Robusta/Arabica,2017/18,12000000,2017
El Salvador,Arabica,2017/18,18000000,2017
Equatorial Guinea,Robusta,2017/18,0,2017
Ethiopia,Arabica,2017/18,218580000,2017
Gabon,Robusta,2017/18,30000,2017
Ghana,Robusta,2017/18,120000,2017
Guatemala,Arabica/Robusta,2017/18,23700000,2017
Guinea,Robusta,2017/18,3000000,2017
Guyana,Robusta,2017/18,540000,2017
Honduras,Arabica,2017/18,22500000,2017
India,Robusta/Arabica,2017/18,88200000,2017
Jamaica,Arabica,2017/18,540000,2017
Kenya,Arabica,2017/18,3900000,2017
Lao People's Democratic Republic,Robusta,2017/18,9300000,2017
Liberia,Robusta,2017/18,300000,2017
Mexico,Arabica/Robusta,2017/18,144000000,2017
Nepal,Arabica,2017/18,0,2017
Nicaragua,Arabica,2017/18,13080000,2017
Nigeria,Robusta,2017/18,2400000,2017
Panama,Arabica,2017/18,4020000,2017
Sierra Leone,Robusta,2017/18,300000,2017
Sri Lanka,Robusta/Arabica,2017/18,2100000,2017
Thailand,Robusta/Arabica,2017/18,82500000,2017
Togo,Robusta,2017/18,15240,2017
Trinidad & Tobago,Robusta,2017/18,600000,2017
Uganda,Robusta/Arabica,2017/18,14688000,2017
Venezuela,Arabica,2017/18,96000000,2017
Viet Nam,Robusta/Arabica,2017/18,150000000,2017
Yemen,Arabica,2017/18,5400000,2017
Angola,Robusta/Arabica,2018/19,1800000,2018
Bolivia (Plurinational State of),Arabica,2018/19,3600000,2018
Brazil,Arabica/Robusta,2018/19,1332000000,2018
Burundi,Arabica/Robusta,2018/19,120000,2018
Ecuador,Arabica/Robusta,2018/19,9300000,2018
Indonesia,Robusta/Arabica,2018/19,288000000,2018
Madagascar,Robusta,2018/19,22500000,2018
Malawi,Arabica,2018/19,60000,2018
Papua New Guinea,Arabica/Robusta,2018/19,120000,2018
Paraguay,Arabica,2018/19,1200000,2018
Peru,Arabica,2018/19,15000000,2018
Rwanda,Arabica,2018/19,60000,2018
Timor-Leste,Arabica,2018/19,29400,2018
Zimbabwe,Arabica,2018/19,240000,2018
Congo,Robusta,2018/19,180000,2018
Cuba,Arabica,2018/19,13200000,2018
Dominican Republic,Arabica/Robusta,2018/19,23400000,2018
Haiti,Arabica,2018/19,20700000,2018
Philippines,Robusta/Arabica,2018/19,198000000,2018
Tanzania,Arabica/Robusta,2018/19,5520000,2018
Zambia,Arabica,2018/19,0,2018
Cameroon,Robusta/Arabica,2018/19,4680000,2018
Central African Republic,Robusta,2018/19,1200000,2018
Colombia,Arabica,2018/19,107484600,2018
Costa Rica,Arabica,2018/19,21900000,2018
Côte d'Ivoire,Robusta,2018/19,19020000,2018
Democratic Republic of Congo,Robusta/Arabica,2018/19,12000000,2018
El Salvador,Arabica,2018/19,18000000,2018
Equatorial Guinea,Robusta,2018/19,0,2018
Ethiopia,Arabica,2018/19,221100000,2018
Gabon,Robusta,2018/19,30000,2018
Ghana,Robusta,2018/19,120000,2018
Guatemala,Arabica/Robusta,2018/19,23700000,2018
Guinea,Robusta,2018/19,3000000,2018
Guyana,Robusta,2018/19,540000,2018
Honduras,Arabica,2018/19,22500000,2018
India,Robusta/Arabica,2018/19,88500000,2018
Jamaica,Arabica,2018/19,540000,2018
Kenya,Arabica,2018/19,4200000,2018
Lao People's Democratic Republic,Robusta,2018/19,9300000,2018
Liberia,Robusta,2018/19,300000,2018
Mexico,Arabica/Robusta,2018/19,147000000,2018
Nepal,Arabica,2018/19,0,2018
Nicaragua,Arabica,2018/19,13200000,2018
Nigeria,Robusta,2018/19,2400000,2018
Panama,Arabica,2018/19,4020000,2018
Sierra Leone,Robusta,2018/19,300000,2018
Sri Lanka,Robusta/Arabica,2018/19,2100000,2018
Thailand,Robusta/Arabica,2018/19,84000000,2018
Togo,Robusta,2018/19,15240,2018
Trinidad & Tobago,Robusta,2018/19,600000,2018
Uganda,Robusta/Arabica,2018/19,15000000,2018
Venezuela,Arabica,2018/19,93000000,2018
Viet Nam,Robusta/Arabica,2018/19,156000000,2018
Yemen,Arabica,2018/19,3900000,2018
Angola,Robusta/Arabica,2019/20,1800000,2019
Bolivia (Plurinational State of),Arabica,2019/20,3660000,2019
Brazil,Arabica/Robusta,2019/20,1320000000,2019
Burundi,Arabica/Robusta,2019/20,120000,2019
Ecuador,Arabica/Robusta,2019/20,8940000,2019
Indonesia,Robusta/Arabica,2019/20,288360000,2019
Madagascar,Robusta,2019/20,22500000,2019
Malawi,Arabica,2019/20,60000,2019
Papua New Guinea,Arabica/Robusta,2019/20,120000,2019
Paraguay,Arabica,2019/20,1200000,2019
Peru,Arabica,2019/20,15000000,2019
Rwanda,Arabica,2019/20,60000,2019
Timor-Leste,Arabica,2019/20,29400,2019
Zimbabwe,Arabica,2019/20,240000,2019
Congo,Robusta,2019/20,180000,2019
Cuba,Arabica,2019/20,12960000,2019
Dominican Republic,Arabica/Robusta,2019/20,22620000,2019
Haiti,Arabica,2019/20,20700000,2019
Philippines,Robusta/Arabica,2019/20,195000000,2019
Tanzania,Arabica/Robusta,2019/20,5700000,2019
Zambia,Arabica,2019/20,0,2019
Cameroon,Robusta/Arabica,2019/20,4620000,2019
Central African Republic,Robusta,2019/20,1200000,2019
Colombia,Arabica,2019/20,121486440,2019
Costa Rica,Arabica,2019/20,21120000,2019
Côte d'Ivoire,Robusta,2019/20,19020000,2019
Democratic Republic of Congo,Robusta/Arabica,2019/20,11880000,2019
El Salvador,Arabica,2019/20,17520000,2019
Equatorial Guinea,Robusta,2019/20,0,2019
Ethiopia,Arabica,2019/20,226860000,2019
Gabon,Robusta,2019/20,30000,2019
Ghana,Robusta,2019/20,120000,2019
Guatemala,Arabica/Robusta,2019/20,23580000,2019
Guinea,Robusta,2019/20,3000000,2019
Guyana,Robusta,2019/20,540000,2019
Honduras,Arabica,2019/20,21000000,2019
India,Robusta/Arabica,2019/20,87000000,2019
Jamaica,Arabica,2019/20,540000,2019
Kenya,Arabica,2019/20,4290000,2019
Lao People's Democratic Republic,Robusta,2019/20,9420000,2019
Liberia,Robusta,2019/20,300000,2019
Mexico,Arabica/Robusta,2019/20,145500000,2019
Nepal,Arabica,2019/20,0,2019
Nicaragua,Arabica,2019/20,12600000,2019
Nigeria,Robusta,2019/20,2400000,2019
Panama,Arabica,2019/20,4020000,2019
Sierra Leone,Robusta,2019/20,300000,2019
Sri Lanka,Robusta/Arabica,2019/20,2100000,2019
Thailand,Robusta/Arabica,2019/20,84000000,2019
Togo,Robusta,2019/20,15600,2019
Trinidad & Tobago,Robusta,2019/20,600000,2019
Uganda,Robusta/Arabica,2019/20,15240000,2019
Venezuela,Arabica,2019/20,76500000,2019
Viet Nam,Robusta/Arabica,2019/20,159000000,2019
Yemen,Arabica,2019/20,3840000,2019
